game_id,date,team_1,team_2,prediction,actual_total,sportsbook,bet_type,line,over_odds,under_odds,won,profit
20241206_Niagara_Siena,2024-12-06,Niagara,Siena,132.27411649133165,137,mybookie,OVER,129.0,-110.0,-110.0,True,9.090909090909093
20241207_Delaware St._Loyola MD,2024-12-07,Delaware St.,Loyola MD,142.61056524191952,157,mybookie,OVER,140.16666666666666,-110.0,-110.0,True,9.090909090909093
20241207_Liberty_Mississippi Valley St.,2024-12-07,Liberty,Mississippi Valley St.,127.89996520356048,141,mybookie,OVER,124.8,-107.2,-112.8,True,9.328358208955226
20241207_Utah St._Utah Tech,2024-12-07,Utah St.,Utah Tech,152.98382874588697,154,mybookie,OVER,150.08333333333334,-108.83333333333333,-110.5,True,9.188361408882084
20241208_Iowa St._Jackson St.,2024-12-08,Iowa St.,Jackson St.,146.82372050614475,158,mybookie,OVER,143.7,-112.0,-107.2,True,8.928571428571427
20241208_TCU_Vanderbilt,2024-12-08,TCU,Vanderbilt,152.37679569485002,157,mybookie,OVER,149.57142857142858,-110.0,-110.0,True,9.090909090909093
20241209_Indiana_Minnesota,2024-12-09,Indiana,Minnesota,142.6107228773238,149,mybookie,OVER,140.28571428571428,-110.0,-110.0,True,9.090909090909093
20241210_DePaul_Providence,2024-12-10,DePaul,Providence,141.73686571381052,133,mybookie,OVER,139.35714285714286,-110.0,-110.0,False,-10.0
20241211_Duquesne_Maine,2024-12-11,Duquesne,Maine,134.4635857700592,117,mybookie,OVER,131.83333333333334,-110.0,-110.0,False,-10.0
20241213_Boston University_Merrimack,2024-12-13,Boston University,Merrimack,128.96846511614078,125,mybookie,OVER,125.5,-110.0,-110.0,False,-10.0
20241214_Duquesne_Towson,2024-12-14,Duquesne,Towson,129.15228242546024,112,mybookie,OVER,126.5,-110.0,-110.0,False,-10.0
20241214_Kentucky_Louisville,2024-12-14,Kentucky,Louisville,162.54232751511793,178,bovada,OVER,159.21428571428572,-105.0,-115.0,True,9.523809523809522
20241214_Missouri St._Washington St.,2024-12-14,Missouri St.,Washington St.,145.21026968721574,169,mybookie,OVER,142.71428571428572,-110.0,-110.0,True,9.090909090909093
20241214_NJIT_Wagner,2024-12-14,NJIT,Wagner,122.50811289687387,93,mybookie,OVER,119.08333333333333,-110.0,-110.0,False,-10.0
20241215_Kent St._Mercyhurst,2024-12-15,Kent St.,Mercyhurst,131.0209904211062,139,bovada,OVER,127.5,-109.33333333333333,-110.0,True,9.146341463414632
20241217_Auburn_Georgia St.,2024-12-17,Auburn,Georgia St.,158.31194467285883,159,bovada,OVER,155.58333333333334,-110.0,-110.0,True,9.090909090909093
20241217_Ohio St._Valparaiso,2024-12-17,Ohio St.,Valparaiso,153.87920126655362,168,mybookie,OVER,150.92857142857142,-110.0,-110.0,True,9.090909090909093
20241217_Oregon St._Sacramento St.,2024-12-17,Oregon St.,Sacramento St.,133.38386458910483,127,mybookie,OVER,130.14285714285714,-110.0,-110.0,False,-10.0
20241217_Seton Hall_Villanova,2024-12-17,Seton Hall,Villanova,129.26124215751537,146,mybookie,OVER,126.92857142857143,-110.0,-110.0,True,9.090909090909093
20241218_LIU_Mount St. Mary's,2024-12-18,LIU,Mount St. Mary's,142.72718959275272,152,bovada,OVER,140.33333333333334,-108.5,-111.5,True,9.216589861751153
20241221_Houston_Texas A&M Corpus Chris,2024-12-21,Houston,Texas A&M Corpus Chris,136.43551255873197,138,mybookie,OVER,134.0,-109.66666666666667,-109.66666666666667,True,9.11854103343465
20241221_Mercer_Winthrop,2024-12-21,Mercer,Winthrop,161.63006387751378,199,mybookie,OVER,158.92857142857142,-110.0,-110.0,True,9.090909090909093
20241221_USC Upstate_Youngstown St.,2024-12-21,USC Upstate,Youngstown St.,152.88117605459198,136,mybookie,OVER,150.57142857142858,-110.0,-110.0,False,-10.0
20241222_American_Virginia,2024-12-22,American,Virginia,122.64963005545654,121,mybookie,OVER,120.14285714285714,-110.0,-110.0,True,9.090909090909093
20241222_Cincinnati_Grambling St.,2024-12-22,Cincinnati,Grambling St.,138.57204108185923,133,mybookie,OVER,136.0,-109.83333333333333,-110.16666666666667,False,-10.0
20241222_LSU_New Orleans,2024-12-22,LSU,New Orleans,155.18805037658785,156,mybookie,OVER,152.5,-109.6,-109.6,True,9.124087591240876
20241228_Maryland_Maryland Eastern Shore,2024-12-28,Maryland,Maryland Eastern Shore,153.24836987044614,147,mybookie,OVER,150.5,-109.5,-110.16666666666667,False,-10.0
20241228_Pepperdine_Santa Clara,2024-12-28,Pepperdine,Santa Clara,152.6862840157461,171,mybookie,OVER,150.14285714285714,-110.0,-110.0,True,9.090909090909093
20241229_Chicago St._Illinois,2024-12-29,Chicago St.,Illinois,152.88517198036573,181,mybookie,OVER,150.5,-109.66666666666667,-109.66666666666667,True,9.11854103343465
20241229_Indiana_Winthrop,2024-12-29,Indiana,Winthrop,165.26656100221683,145,mybookie,OVER,162.64285714285714,-110.0,-110.0,False,-10.0
20241230_Gonzaga_Pepperdine,2024-12-30,Gonzaga,Pepperdine,162.3805639920343,171,mybookie,OVER,158.14285714285714,-110.0,-110.0,True,9.090909090909093
20241231_Colorado St._San Jose St.,2024-12-31,Colorado St.,San Jose St.,142.2001441041953,122,mybookie,OVER,139.5,-110.0,-110.0,False,-10.0
20241231_N.C. State_Virginia,2024-12-31,N.C. State,Virginia,124.59802557424011,137,mybookie,OVER,121.5,-110.0,-110.0,True,9.090909090909093
20250102_Boston University_Lafayette,2025-01-02,Boston University,Lafayette,131.1282730588694,106,mybookie,OVER,128.57142857142858,-110.0,-110.0,False,-10.0
20250102_Gonzaga_Portland,2025-01-02,Gonzaga,Portland,163.4794157256365,131,mybookie,OVER,160.75,-112.66666666666667,-73.33333333333333,False,-10.0
20250104_Auburn_Missouri,2025-01-04,Auburn,Missouri,157.1958425581872,152,mybookie,OVER,154.57142857142858,-110.0,-110.0,False,-10.0
20250104_Charleston_Towson,2025-01-04,Charleston,Towson,142.87881977702756,146,mybookie,OVER,139.5,-110.0,-110.0,True,9.090909090909093
20250104_Louisville_Virginia,2025-01-04,Louisville,Virginia,132.93211843299045,120,mybookie,OVER,129.64285714285714,-110.0,-110.0,False,-10.0
20250104_Mississippi St._South Carolina,2025-01-04,Mississippi St.,South Carolina,145.40372572917025,135,mybookie,OVER,142.78571428571428,-110.0,-110.0,False,-10.0
20250105_Central Connecticut_Mercyhurst,2025-01-05,Central Connecticut,Mercyhurst,131.81967083901722,112,mybookie,OVER,129.5,-110.0,-110.0,False,-10.0
20250105_Drake_Murray St.,2025-01-05,Drake,Murray St.,129.39322806842358,125,mybookie,OVER,126.85714285714286,-110.0,-110.0,False,-10.0
20250105_Iona_Siena,2025-01-05,Iona,Siena,137.94990402026838,147,mybookie,OVER,135.21428571428572,-110.0,-110.0,True,9.090909090909093
20250106_East Texas A&M_Nicholls St.,2025-01-06,East Texas A&M,Nicholls St.,145.0173740886258,144,mybookie,OVER,142.33333333333334,-109.66666666666667,-109.66666666666667,True,9.11854103343465
20250107_Arizona_West Virginia,2025-01-07,Arizona,West Virginia,145.88971499267714,131,mybookie,OVER,143.57142857142858,-110.0,-110.0,False,-10.0
20250107_Auburn_Texas,2025-01-07,Auburn,Texas,155.18595369555587,169,mybookie,OVER,151.64285714285714,-110.0,-110.0,True,9.090909090909093
20250108_Bucknell_Lafayette,2025-01-08,Bucknell,Lafayette,132.49888126689257,127,mybookie,OVER,129.92857142857142,-110.0,-110.0,False,-10.0
20250108_George Mason_Richmond,2025-01-08,George Mason,Richmond,134.643649846073,122,mybookie,OVER,132.0,-110.0,-110.0,False,-10.0
20250108_Gonzaga_San Diego,2025-01-08,Gonzaga,San Diego,158.15312563021558,173,bovada,OVER,155.83333333333334,-105.0,-115.0,True,9.523809523809522
20250109_FIU_Louisiana Tech,2025-01-09,FIU,Louisiana Tech,143.40600639116002,145,mybookie,OVER,139.64285714285714,-110.0,-110.0,True,9.090909090909093
20250110_Central Connecticut_Wagner,2025-01-10,Central Connecticut,Wagner,121.65653582850629,119,bovada,OVER,118.25,-109.66666666666667,-110.33333333333333,True,9.11854103343465
20250111_American_Bucknell,2025-01-11,American,Bucknell,131.98079838297144,126,mybookie,OVER,129.5,-110.0,-110.0,False,-10.0
20250111_Austin Peay_Queens,2025-01-11,Austin Peay,Queens,148.90400258355993,127,mybookie,OVER,144.25,-110.5,-109.5,False,-10.0
20250111_Boston University_Colgate,2025-01-11,Boston University,Colgate,129.3920927088379,137,bovada,OVER,126.16666666666667,-108.83333333333333,-110.5,True,9.188361408882084
20250111_Cal St. Fullerton_Hawaii,2025-01-11,Cal St. Fullerton,Hawaii,131.8560581265609,181,mybookie,OVER,129.5,-110.0,-110.0,True,9.090909090909093
20250111_Cleveland St._Youngstown St.,2025-01-11,Cleveland St.,Youngstown St.,142.76048558536624,152,mybookie,OVER,140.07142857142858,-110.0,-110.0,True,9.090909090909093
20250111_Drake_Evansville,2025-01-11,Drake,Evansville,125.270627110364,103,mybookie,OVER,120.71428571428571,-110.0,-110.0,False,-10.0
20250111_Drexel_Towson,2025-01-11,Drexel,Towson,129.06917601994564,175,mybookie,OVER,125.78571428571429,-110.0,-110.0,True,9.090909090909093
20250111_East Texas A&M_Northwestern St.,2025-01-11,East Texas A&M,Northwestern St.,138.2073478931553,142,mybookie,OVER,135.8,-111.4,-107.6,True,8.97666068222621
20250111_George Mason_Massachusetts,2025-01-11,George Mason,Massachusetts,142.99117154599904,147,mybookie,OVER,139.21428571428572,-110.0,-110.0,True,9.090909090909093
20250111_Houston_Kansas St.,2025-01-11,Houston,Kansas St.,132.43941656764162,144,mybookie,OVER,129.92857142857142,-110.0,-110.0,True,9.090909090909093
20250111_Liberty_Louisiana Tech,2025-01-11,Liberty,Louisiana Tech,134.38383449493037,153,mybookie,OVER,132.08333333333334,-110.0,-110.0,True,9.090909090909093
20250111_McNeese St._Nicholls St.,2025-01-11,McNeese St.,Nicholls St.,141.8819574952358,151,mybookie,OVER,139.5,-110.0,-110.0,True,9.090909090909093
20250114_Duke_Miami FL,2025-01-14,Duke,Miami FL,150.09446087529562,143,mybookie,OVER,147.35714285714286,-110.0,-110.0,False,-10.0
20250115_Drake_Illinois St.,2025-01-15,Drake,Illinois St.,128.94270108030398,128,mybookie,OVER,124.78571428571429,-110.0,-110.0,True,9.090909090909093
20250115_The Citadel_UNC Greensboro,2025-01-15,The Citadel,UNC Greensboro,133.74755010387926,127,mybookie,OVER,131.42857142857142,-110.0,-110.0,False,-10.0
20250116_Hofstra_Towson,2025-01-16,Hofstra,Towson,125.69691248187723,125,mybookie,OVER,123.21428571428571,-110.0,-110.0,True,9.090909090909093
20250117_Akron_Ohio,2025-01-17,Akron,Ohio,161.39195814464102,172,mybookie,OVER,159.07142857142858,-110.0,-110.0,True,9.090909090909093
20250118_George Mason_George Washington,2025-01-18,George Mason,George Washington,139.81461564400226,157,mybookie,OVER,137.5,-110.0,-110.0,True,9.090909090909093
20250118_Gonzaga_Santa Clara,2025-01-18,Gonzaga,Santa Clara,163.3910959737409,202,mybookie,OVER,160.66666666666666,-110.0,-110.0,True,9.090909090909093
20250118_Kansas_Kansas St.,2025-01-18,Kansas,Kansas St.,141.64832287014215,158,bovada,OVER,139.21428571428572,-105.0,-115.0,True,9.523809523809522
20250118_Little Rock_Tennessee Tech,2025-01-18,Little Rock,Tennessee Tech,141.4459545424929,148,mybookie,OVER,139.0,-110.0,-110.0,True,9.090909090909093
20250118_Louisville_Virginia,2025-01-18,Louisville,Virginia,133.46576632169032,148,mybookie,OVER,130.14285714285714,-110.0,-110.0,True,9.090909090909093
20250118_Loyola Marymount_San Diego,2025-01-18,Loyola Marymount,San Diego,142.29363691201902,147,mybookie,OVER,139.25,-110.0,-110.0,True,9.090909090909093
20250118_Mercyhurst_Wagner,2025-01-18,Mercyhurst,Wagner,123.31049525522566,134,mybookie,OVER,118.07142857142857,-110.0,-110.0,True,9.090909090909093
20250118_South Alabama_Troy,2025-01-18,South Alabama,Troy,133.73782286853452,127,mybookie,OVER,131.35714285714286,-110.0,-110.0,False,-10.0
20250120_Drexel_Hofstra,2025-01-20,Drexel,Hofstra,125.83010627162066,115,mybookie,OVER,122.5,-110.0,-110.0,False,-10.0
20250120_LIU_Mercyhurst,2025-01-20,LIU,Mercyhurst,129.65841265244103,135,bovada,OVER,126.5,-108.5,-110.83333333333333,True,9.216589861751153
20250121_George Mason_St. Bonaventure,2025-01-21,George Mason,St. Bonaventure,128.7302953468444,137,bovada,OVER,126.21428571428571,-105.0,-115.0,True,9.523809523809522
20250122_Drake_Valparaiso,2025-01-22,Drake,Valparaiso,133.83714030490134,152,mybookie,OVER,129.14285714285714,-110.0,-110.0,True,9.090909090909093
20250123_Idaho St._Sacramento St.,2025-01-23,Idaho St.,Sacramento St.,132.65131386542276,146,mybookie,OVER,129.57142857142858,-110.0,-110.0,True,9.090909090909093
20250123_Marist_Niagara,2025-01-23,Marist,Niagara,128.76971492468675,132,mybookie,OVER,125.42857142857143,-110.0,-110.0,True,9.090909090909093
20250123_NJIT_Vermont,2025-01-23,NJIT,Vermont,125.14665694565629,132,mybookie,OVER,121.5,-110.0,-110.0,True,9.090909090909093
20250124_Mercyhurst_Wagner,2025-01-24,Mercyhurst,Wagner,123.53189707562561,137,mybookie,OVER,119.42857142857143,-110.0,-110.0,True,9.090909090909093
20250124_Milwaukee_Northern Kentucky,2025-01-24,Milwaukee,Northern Kentucky,143.25238346342968,138,mybookie,OVER,140.5,-110.0,-110.0,False,-10.0
20250125_Boston University_Bucknell,2025-01-25,Boston University,Bucknell,129.85596540530057,167,mybookie,OVER,126.85714285714286,-110.0,-110.0,True,9.090909090909093
20250125_Drake_Missouri St.,2025-01-25,Drake,Missouri St.,126.97472019620547,131,mybookie,OVER,119.14285714285714,-110.0,-110.0,True,9.090909090909093
20250125_Gonzaga_Portland,2025-01-25,Gonzaga,Portland,163.27375926678087,167,mybookie,OVER,160.5,-110.0,-110.0,True,9.090909090909093
20250125_Hampton_UNC Wilmington,2025-01-25,Hampton,UNC Wilmington,141.9724545511908,145,mybookie,OVER,139.58333333333334,-110.0,-110.0,True,9.090909090909093
20250125_Houston_Kansas,2025-01-25,Houston,Kansas,130.27341923478082,178,mybookie,OVER,127.75,-110.0,-110.0,True,9.090909090909093
20250126_LIU_Mercyhurst,2025-01-26,LIU,Mercyhurst,129.3126723587624,165,mybookie,OVER,126.28571428571429,-110.0,-110.0,True,9.090909090909093
20250127_Arizona_Iowa St.,2025-01-27,Arizona,Iowa St.,155.33305220311078,161,mybookie,OVER,151.92857142857142,-110.0,-110.0,True,9.090909090909093
20250127_Southern Miss_Troy,2025-01-27,Southern Miss,Troy,145.30191544916494,131,mybookie,OVER,142.85714285714286,-110.0,-110.0,False,-10.0
20250128_Georgia_South Carolina,2025-01-28,Georgia,South Carolina,135.1133220897776,131,mybookie,OVER,131.64285714285714,-110.0,-110.0,False,-10.0
20250128_Michigan St._Minnesota,2025-01-28,Michigan St.,Minnesota,142.71027206467264,124,mybookie,OVER,139.28571428571428,-110.0,-110.0,False,-10.0
20250129_Appalachian St._Old Dominion,2025-01-29,Appalachian St.,Old Dominion,132.55416335383845,155,bovada,OVER,129.85714285714286,-105.0,-115.0,True,9.523809523809522
20250129_Connecticut_DePaul,2025-01-29,Connecticut,DePaul,145.8055945148416,133,mybookie,OVER,143.42857142857142,-110.0,-110.0,False,-10.0
20250129_Drake_Northern Iowa,2025-01-29,Drake,Northern Iowa,126.31039396532721,118,mybookie,OVER,123.78571428571429,-110.0,-110.0,False,-10.0
20250129_Florida St._Virginia Tech,2025-01-29,Florida St.,Virginia Tech,145.79198721875937,142,mybookie,OVER,143.0,-110.0,-110.0,False,-10.0
20250129_George Mason_Loyola Chicago,2025-01-29,George Mason,Loyola Chicago,134.85307818779367,111,mybookie,OVER,132.07142857142858,-110.0,-110.0,False,-10.0
20250129_Houston_West Virginia,2025-01-29,Houston,West Virginia,126.04634106526255,112,bovada,OVER,123.35714285714286,-105.0,-115.0,False,-10.0
20250130_Elon_Hofstra,2025-01-30,Elon,Hofstra,132.4169504221365,137,bovada,OVER,129.71428571428572,-105.0,-115.0,True,9.523809523809522
20250130_FIU_Jacksonville St.,2025-01-30,FIU,Jacksonville St.,142.18932942813925,138,mybookie,OVER,139.28571428571428,-110.0,-110.0,False,-10.0
20250130_Stonehill_Wagner,2025-01-30,Stonehill,Wagner,125.34931257745502,134,mybookie,OVER,120.91666666666667,-110.0,-110.0,True,9.090909090909093
20250130_UC Davis_UC Riverside,2025-01-30,UC Davis,UC Riverside,141.58210115057256,118,mybookie,OVER,139.0,-110.0,-110.0,False,-10.0
20250201_Alabama_Georgia,2025-02-01,Alabama,Georgia,161.90827292758829,159,mybookie,OVER,159.57142857142858,-110.0,-110.0,False,-10.0
20250201_Boston University_Loyola MD,2025-02-01,Boston University,Loyola MD,131.71237705970947,136,mybookie,OVER,129.0,-110.0,-110.0,True,9.090909090909093
20250201_Campbell_Hofstra,2025-02-01,Campbell,Hofstra,131.8071030222667,127,mybookie,OVER,129.0,-110.0,-110.0,False,-10.0
20250201_Drexel_Towson,2025-02-01,Drexel,Towson,129.9079550986596,109,mybookie,OVER,127.42857142857143,-110.0,-110.0,False,-10.0
20250201_Fairleigh Dickinson_Mercyhurst,2025-02-01,Fairleigh Dickinson,Mercyhurst,141.463268185505,127,mybookie,OVER,139.14285714285714,-110.0,-110.0,False,-10.0
20250201_Hampton_Howard,2025-02-01,Hampton,Howard,152.1659776644875,159,mybookie,OVER,149.78571428571428,-110.0,-110.0,True,9.090909090909093
20250201_Lamar_Stephen F. Austin,2025-02-01,Lamar,Stephen F. Austin,131.69587737327325,129,mybookie,OVER,129.35714285714286,-110.0,-110.0,False,-10.0
20250201_Louisiana Monroe_Troy,2025-02-01,Louisiana Monroe,Troy,142.88855950269456,137,mybookie,OVER,139.42857142857142,-110.0,-110.0,False,-10.0
20250201_Missouri St._Murray St.,2025-02-01,Missouri St.,Murray St.,132.97812394570354,133,mybookie,OVER,130.64285714285714,-110.0,-110.0,True,9.090909090909093
20250201_San Diego St._Wyoming,2025-02-01,San Diego St.,Wyoming,132.44255882915795,124,mybookie,OVER,129.33333333333334,-110.0,-110.0,False,-10.0
20250201_Virginia_Virginia Tech,2025-02-01,Virginia,Virginia Tech,128.34606470469086,149,mybookie,OVER,125.78571428571429,-110.0,-110.0,True,9.090909090909093
20250202_Cincinnati_West Virginia,2025-02-02,Cincinnati,West Virginia,130.15782267977045,113,mybookie,OVER,127.28571428571429,-110.0,-110.0,False,-10.0
20250203_Alabama A&M_Bethune Cookman,2025-02-03,Alabama A&M,Bethune Cookman,146.01024690454426,164,mybookie,OVER,143.42857142857142,-110.0,-110.0,True,9.090909090909093
20250204_Drake_Murray St.,2025-02-04,Drake,Murray St.,126.46612070212531,100,mybookie,OVER,123.35714285714286,-110.0,-110.0,False,-10.0
20250205_Coastal Carolina_South Alabama,2025-02-05,Coastal Carolina,South Alabama,129.72975150062024,143,mybookie,OVER,127.42857142857143,-110.0,-110.0,True,9.090909090909093
20250205_Duquesne_Richmond,2025-02-05,Duquesne,Richmond,130.32899196295946,141,bovada,OVER,127.92857142857143,-105.0,-115.0,True,9.523809523809522
20250205_TCU_West Virginia,2025-02-05,TCU,West Virginia,131.00907090382321,125,mybookie,OVER,127.71428571428571,-110.0,-110.0,False,-10.0
20250205_Tulane_UTSA,2025-02-05,Tulane,UTSA,151.24436904155243,121,mybookie,OVER,148.78571428571428,-110.0,-110.0,False,-10.0
20250206_Iona_Mount St. Mary's,2025-02-06,Iona,Mount St. Mary's,142.32414223431135,137,mybookie,OVER,139.85714285714286,-110.0,-110.0,False,-10.0
20250206_Liberty_Louisiana Tech,2025-02-06,Liberty,Louisiana Tech,136.6104020493622,130,mybookie,OVER,133.85714285714286,-110.0,-110.0,False,-10.0
20250206_LIU_Wagner,2025-02-06,LIU,Wagner,125.98704815361342,107,bovada,OVER,119.66666666666667,-109.5,-110.5,False,-10.0
20250206_Maine_NJIT,2025-02-06,Maine,NJIT,133.0915336751972,152,mybookie,OVER,129.41666666666666,-110.0,-110.0,True,9.090909090909093
20250206_Saint Peter's_Siena,2025-02-06,Saint Peter's,Siena,132.32526962075553,140,mybookie,OVER,127.71428571428571,-110.0,-110.0,True,9.090909090909093
20250206_Seattle_Tarleton St.,2025-02-06,Seattle,Tarleton St.,131.75896012354033,145,mybookie,OVER,129.0,-110.0,-110.0,True,9.090909090909093
20250206_South Florida_Temple,2025-02-06,South Florida,Temple,153.03375717580934,191,mybookie,OVER,150.5,-110.0,-110.0,True,9.090909090909093
20250208_Colorado_Houston,2025-02-08,Colorado,Houston,130.55113854304193,128,mybookie,OVER,128.07142857142858,-110.0,-110.0,False,-10.0
20250208_Drake_Indiana St.,2025-02-08,Drake,Indiana St.,138.69620455830858,166,mybookie,OVER,136.16666666666666,-110.0,-110.0,True,9.090909090909093
20250208_East Texas A&M_Nicholls St.,2025-02-08,East Texas A&M,Nicholls St.,142.48947422824253,146,bovada,OVER,139.5,-110.0,-110.0,True,9.090909090909093
20250208_Hofstra_Stony Brook,2025-02-08,Hofstra,Stony Brook,132.90992703463584,155,mybookie,OVER,130.28571428571428,-110.0,-110.0,True,9.090909090909093
20250208_Iona_Marist,2025-02-08,Iona,Marist,130.75010796470605,146,mybookie,OVER,127.66666666666667,-110.0,-110.0,True,9.090909090909093
20250208_Little Rock_Morehead St.,2025-02-08,Little Rock,Morehead St.,132.93638037335452,138,mybookie,OVER,129.25,-110.0,-110.0,True,9.090909090909093
20250208_LIU_Stonehill,2025-02-08,LIU,Stonehill,132.53493629378178,121,mybookie,OVER,130.0,-110.0,-110.0,False,-10.0
20250208_Louisville_Miami FL,2025-02-08,Louisville,Miami FL,154.63643555456775,166,mybookie,OVER,152.14285714285714,-110.0,-110.0,True,9.090909090909093
20250208_North Texas_Tulane,2025-02-08,North Texas,Tulane,126.8477866312846,142,mybookie,OVER,124.14285714285714,-110.0,-110.0,True,9.090909090909093
20250208_Rider_Siena,2025-02-08,Rider,Siena,142.489741622119,120,mybookie,OVER,139.8,-109.2,-110.0,False,-10.0
20250210_Houston Christian_Southeastern Louisiana,2025-02-10,Houston Christian,Southeastern Louisiana,141.8618557949393,129,mybookie,OVER,139.5,-110.0,-110.0,False,-10.0
20250211_Loyola Chicago_Richmond,2025-02-11,Loyola Chicago,Richmond,134.4860831754428,167,bovada,OVER,132.0,-105.0,-115.0,True,9.523809523809522
20250211_North Texas_Rice,2025-02-11,North Texas,Rice,128.52560287411805,128,mybookie,OVER,125.85714285714286,-110.0,-110.0,True,9.090909090909093
20250211_Saint Mary's_Santa Clara,2025-02-11,Saint Mary's,Santa Clara,139.7024436746022,137,mybookie,OVER,137.07142857142858,-110.0,-110.0,False,-10.0
20250212_Boston University_Bucknell,2025-02-12,Boston University,Bucknell,132.97175314586573,136,mybookie,OVER,130.28571428571428,-110.0,-110.0,True,9.090909090909093
20250212_Drake_Illinois St.,2025-02-12,Drake,Illinois St.,129.89569265248412,161,mybookie,OVER,125.14285714285714,-110.0,-110.0,True,9.090909090909093
20250212_Evansville_Missouri St.,2025-02-12,Evansville,Missouri St.,134.0266169207002,125,mybookie,OVER,131.5,-110.0,-110.0,False,-10.0
20250212_Florida St._Wake Forest,2025-02-12,Florida St.,Wake Forest,146.06390693060996,142,mybookie,OVER,143.57142857142858,-110.0,-110.0,False,-10.0
20250213_Appalachian St._Coastal Carolina,2025-02-13,Appalachian St.,Coastal Carolina,130.4486976276079,110,mybookie,OVER,127.92857142857143,-110.0,-110.0,False,-10.0
20250213_Bellarmine_Queens,2025-02-13,Bellarmine,Queens,153.86718277287997,179,mybookie,OVER,150.75,-110.0,-110.0,True,9.090909090909093
20250213_Binghamton_UMBC,2025-02-13,Binghamton,UMBC,152.48605190085473,158,mybookie,OVER,149.66666666666666,-110.0,-110.0,True,9.090909090909093
20250213_Loyola Marymount_Pacific,2025-02-13,Loyola Marymount,Pacific,138.75949837764065,141,mybookie,OVER,136.35714285714286,-110.0,-110.0,True,9.090909090909093
20250215_Arizona_Houston,2025-02-15,Arizona,Houston,140.02548621812554,120,bovada,OVER,137.41666666666666,-110.0,-110.0,False,-10.0
20250215_Arkansas_Texas A&M,2025-02-15,Arkansas,Texas A&M,141.92933001026128,130,mybookie,OVER,139.5,-109.66666666666667,-109.66666666666667,False,-10.0
20250215_Bucknell_Lafayette,2025-02-15,Bucknell,Lafayette,137.84646449075925,144,bovada,OVER,135.5,-110.0,-110.0,True,9.090909090909093
20250215_Clemson_Florida St.,2025-02-15,Clemson,Florida St.,145.2885138298607,118,bovada,OVER,142.91666666666666,-110.0,-110.0,False,-10.0
20250215_Furman_UNC Greensboro,2025-02-15,Furman,UNC Greensboro,142.17361167217652,108,bovada,OVER,139.58333333333334,-110.0,-110.0,False,-10.0
20250215_Gonzaga_Pepperdine,2025-02-15,Gonzaga,Pepperdine,164.87073846243604,162,bovada,OVER,159.9,100.0,-120.0,True,10.0
20250215_Hampton_Hofstra,2025-02-15,Hampton,Hofstra,132.39071993218414,116,bovada,OVER,129.83333333333334,-110.0,-110.0,False,-10.0
20250215_Jacksonville St._Louisiana Tech,2025-02-15,Jacksonville St.,Louisiana Tech,138.21384899715497,138,bovada,OVER,135.75,-110.0,-110.0,True,9.090909090909093
20250215_Maine_Vermont,2025-02-15,Maine,Vermont,128.1108191490781,126,mybookie,OVER,125.25,-108.0,-111.33333333333333,True,9.25925925925926
20250215_Nicholls St._Southeastern Louisiana,2025-02-15,Nicholls St.,Southeastern Louisiana,146.65228737740466,165,mybookie,OVER,144.33333333333334,-108.83333333333333,-111.16666666666667,True,9.188361408882084
20250215_Northwestern St._Stephen F. Austin,2025-02-15,Northwestern St.,Stephen F. Austin,132.04111900437266,138,bovada,OVER,129.33333333333334,-110.0,-110.0,True,9.090909090909093
20250216_Marist_Merrimack,2025-02-16,Marist,Merrimack,128.10978891410156,121,mybookie,OVER,125.21428571428571,-110.0,-110.0,False,-10.0
20250218_Akron_Northern Illinois,2025-02-18,Akron,Northern Illinois,161.41448846030056,136,mybookie,OVER,159.07142857142858,-110.0,-110.0,False,-10.0
20250218_TCU_Texas Tech,2025-02-18,TCU,Texas Tech,143.38662337301125,135,mybookie,OVER,140.35714285714286,-110.0,-110.0,False,-10.0
20250219_Cincinnati_West Virginia,2025-02-19,Cincinnati,West Virginia,132.3477799482793,121,bovada,OVER,129.33333333333334,-110.0,-110.0,False,-10.0
20250219_Drake_Illinois Chicago,2025-02-19,Drake,Illinois Chicago,136.0057540865888,131,bovada,OVER,133.5,-110.0,-110.0,False,-10.0
20250219_Evansville_Indiana St.,2025-02-19,Evansville,Indiana St.,152.36149698355598,153,bovada,OVER,149.66666666666666,-110.0,-110.0,True,9.090909090909093
20250219_North Texas_Tulsa,2025-02-19,North Texas,Tulsa,130.70409224469645,107,mybookie,OVER,127.66666666666667,-111.66666666666667,-107.66666666666667,False,-10.0
20250220_Appalachian St._Georgia Southern,2025-02-20,Appalachian St.,Georgia Southern,141.6247601902725,153,bovada,OVER,139.16666666666666,-110.0,-110.0,True,9.090909090909093
20250220_Austin Peay_Queens,2025-02-20,Austin Peay,Queens,150.61279577169898,170,bovada,OVER,148.0,-110.0,-110.0,True,9.090909090909093
20250220_Charleston_Northeastern,2025-02-20,Charleston,Northeastern,153.07950595865265,135,bovada,OVER,150.75,-110.0,-110.0,False,-10.0
20250222_American_Boston University,2025-02-22,American,Boston University,130.004696737377,92,mybookie,OVER,127.5,-109.16666666666667,-111.16666666666667,False,-10.0
20250222_Charleston_Drexel,2025-02-22,Charleston,Drexel,142.26407464077158,119,bovada,OVER,139.16666666666666,-110.0,-110.0,False,-10.0
20250222_Houston_Iowa St.,2025-02-22,Houston,Iowa St.,133.69272943290818,127,mybookie,OVER,130.91666666666666,-109.66666666666667,-109.66666666666667,False,-10.0
20250223_East Carolina_UTSA,2025-02-23,East Carolina,UTSA,152.32435463939086,185,mybookie,OVER,149.57142857142858,-110.0,-110.0,True,9.090909090909093
20250223_Iona_Merrimack,2025-02-23,Iona,Merrimack,135.29848866963516,147,mybookie,OVER,132.35714285714286,-110.0,-110.0,True,9.090909090909093
20250223_Marist_Niagara,2025-02-23,Marist,Niagara,131.6374525606356,125,mybookie,OVER,128.71428571428572,-110.0,-110.0,False,-10.0
20250223_North Texas_South Florida,2025-02-23,North Texas,South Florida,133.3587673169148,121,mybookie,OVER,129.92857142857142,-110.0,-110.0,False,-10.0
20250225_Duke_Miami FL,2025-02-25,Duke,Miami FL,153.611553917301,157,bovada,OVER,150.66666666666666,-110.0,-110.0,True,9.090909090909093
20250225_TCU_West Virginia,2025-02-25,TCU,West Virginia,132.57439768006782,128,bovada,OVER,128.75,-110.0,-110.0,False,-10.0
20250225_Washington_Wisconsin,2025-02-25,Washington,Wisconsin,152.8839348479972,150,bovada,OVER,150.58333333333334,-110.0,-110.0,False,-10.0
20250226_George Washington_Loyola Chicago,2025-02-26,George Washington,Loyola Chicago,141.64897176099544,134,bovada,OVER,139.25,-110.0,-110.0,False,-10.0
20250227_LIU_Wagner,2025-02-27,LIU,Wagner,125.33330816772933,107,mybookie,OVER,115.58333333333333,-110.0,-110.0,False,-10.0
20250228_Fairfield_Mount St. Mary's,2025-02-28,Fairfield,Mount St. Mary's,143.06445849372847,131,mybookie,OVER,139.85714285714286,-110.0,-110.0,False,-10.0
20250301_Boston University_Lafayette,2025-03-01,Boston University,Lafayette,131.30332733948114,130,mybookie,OVER,128.92857142857142,-110.0,-110.0,True,9.090909090909093
20250301_Central Connecticut_Wagner,2025-03-01,Central Connecticut,Wagner,123.69667452950512,103,mybookie,OVER,121.07142857142857,-110.0,-110.0,False,-10.0
20250301_Cincinnati_Houston,2025-03-01,Cincinnati,Houston,128.3125710025498,137,mybookie,OVER,125.57142857142857,-110.0,-110.0,True,9.090909090909093
20250301_Cleveland St._Purdue Fort Wayne,2025-03-01,Cleveland St.,Purdue Fort Wayne,152.30199173687123,125,bovada,OVER,149.91666666666666,-110.0,-110.0,False,-10.0
20250301_Duquesne_George Mason,2025-03-01,Duquesne,George Mason,128.72905764580688,153,mybookie,OVER,125.64285714285714,-110.0,-110.0,True,9.090909090909093
20250301_Hofstra_North Carolina A&T,2025-03-01,Hofstra,North Carolina A&T,129.95344492298722,119,bovada,OVER,127.5,-105.0,-115.0,False,-10.0
20250302_Drake_Missouri St.,2025-03-02,Drake,Missouri St.,127.0546874675369,128,mybookie,OVER,119.42857142857143,-110.0,-110.0,True,9.090909090909093
20250303_North Texas_Wichita St.,2025-03-03,North Texas,Wichita St.,130.41867135615294,134,mybookie,OVER,127.5,-110.0,-110.0,True,9.090909090909093
20250304_Auburn_Texas A&M,2025-03-04,Auburn,Texas A&M,153.13516272692576,155,mybookie,OVER,149.71428571428572,-110.0,-110.0,True,9.090909090909093
20250306_American_Lafayette,2025-03-06,American,Lafayette,132.38457044057222,140,mybookie,OVER,129.42857142857142,-110.0,-110.0,True,9.090909090909093
20250306_Cal Baptist_Tarleton St.,2025-03-06,Cal Baptist,Tarleton St.,131.91957375905116,116,mybookie,OVER,129.07142857142858,-110.0,-110.0,False,-10.0
20250306_Evansville_Murray St.,2025-03-06,Evansville,Murray St.,131.69566130628002,127,mybookie,OVER,129.35714285714286,-110.0,-110.0,False,-10.0
20250306_Marist_Merrimack,2025-03-06,Marist,Merrimack,128.55154281731959,128,mybookie,OVER,126.0,-110.0,-110.0,True,9.090909090909093
20250306_Nebraska Omaha_UMKC,2025-03-06,Nebraska Omaha,UMKC,142.3955830209236,131,mybookie,OVER,139.85714285714286,-110.0,-110.0,False,-10.0
20250306_Seattle_Southern Utah,2025-03-06,Seattle,Southern Utah,141.9116241215505,101,mybookie,OVER,139.57142857142858,-110.0,-110.0,False,-10.0
20250307_Appalachian St._Old Dominion,2025-03-07,Appalachian St.,Old Dominion,129.05652765835143,117,mybookie,OVER,125.28571428571429,-110.0,-110.0,False,-10.0
20250307_Drake_Southern Illinois,2025-03-07,Drake,Southern Illinois,130.88955893319095,123,mybookie,OVER,128.21428571428572,-110.0,-110.0,False,-10.0
20250308_Cal St. Northridge_Hawaii,2025-03-08,Cal St. Northridge,Hawaii,153.46117956359618,155,mybookie,OVER,150.5,-110.0,-110.0,True,9.090909090909093
20250308_George Mason_Richmond,2025-03-08,George Mason,Richmond,129.45271770696021,124,mybookie,OVER,126.35714285714286,-110.0,-110.0,False,-10.0
20250308_LIU_Saint Francis,2025-03-08,LIU,Saint Francis,132.7393503734312,139,bovada,OVER,129.33333333333334,-110.0,-110.0,True,9.090909090909093
20250309_Bradley_Drake,2025-03-09,Bradley,Drake,123.77384658732664,111,mybookie,OVER,118.85714285714286,-110.0,-110.0,False,-10.0
20250309_Drexel_Towson,2025-03-09,Drexel,Towson,125.94202383967541,158,mybookie,OVER,122.35714285714286,-110.0,-110.0,True,9.090909090909093
20250311_Alabama A&M_Grambling St.,2025-03-11,Alabama A&M,Grambling St.,133.9243833323491,129,mybookie,OVER,131.57142857142858,-110.0,-110.0,False,-10.0
20250311_Lamar_Nicholls St.,2025-03-11,Lamar,Nicholls St.,141.9260356664196,113,mybookie,OVER,139.5,-110.0,-110.0,False,-10.0
20250312_Arkansas_South Carolina,2025-03-12,Arkansas,South Carolina,141.71467474162287,140,mybookie,OVER,138.92857142857142,-110.0,-110.0,True,9.090909090909093
20250312_Davidson_Richmond,2025-03-12,Davidson,Richmond,132.66192963612164,134,mybookie,OVER,130.14285714285714,-110.0,-110.0,True,9.090909090909093
20250313_Colorado_Houston,2025-03-13,Colorado,Houston,128.87639540933856,145,mybookie,OVER,126.35714285714286,-110.0,-110.0,True,9.090909090909093
20250313_Indiana_Oregon,2025-03-13,Indiana,Oregon,145.43293362294816,131,mybookie,OVER,142.85714285714286,-110.0,-110.0,False,-10.0
20250314_George Mason_George Washington,2025-03-14,George Mason,George Washington,132.82047540830757,145,bovada,OVER,129.28571428571428,-105.0,-115.0,True,9.523809523809522
20250314_North Texas_Tulsa,2025-03-14,North Texas,Tulsa,129.04494270963747,136,mybookie,OVER,125.21428571428571,-110.0,-110.0,True,9.090909090909093
20250315_Maryland_Michigan,2025-03-15,Maryland,Michigan,152.28186674953912,161,mybookie,OVER,149.92857142857142,-110.0,-110.0,True,9.090909090909093
20250316_George Mason_VCU,2025-03-16,George Mason,VCU,130.3638142028726,131,mybookie,OVER,127.5,-110.0,-110.0,True,9.090909090909093
20250319_American_Mount St. Mary's,2025-03-19,American,Mount St. Mary's,132.01477374673766,155,mybookie,OVER,129.25,-110.0,-110.0,True,9.090909090909093
20250319_Furman_North Texas,2025-03-19,Furman,North Texas,133.22537028118313,139,mybookie,OVER,130.3,-109.1,-110.1,True,9.16590284142988
20250320_Houston_SIU Edwardsville,2025-03-20,Houston,SIU Edwardsville,130.3719833094729,118,mybookie,OVER,126.5,-108.5,-110.83333333333333,False,-10.0
20250321_Duke_Mount St. Mary's,2025-03-21,Duke,Mount St. Mary's,143.77569148621262,142,bovada,OVER,140.35714285714286,-105.0,-115.0,True,9.523809523809522
20250322_Drake_Texas Tech,2025-03-22,Drake,Texas Tech,129.56923519140298,141,mybookie,OVER,126.78571428571429,-110.0,-110.0,True,9.090909090909093
